{
    "affinity_pred_value": 0.1484203338623047,
    "affinity_probability_binary": 0.6399146914482117,
    "affinity_pred_value1": 0.9244333505630493,
    "affinity_probability_binary1": 0.4965694844722748,
    "affinity_pred_value2": 0.6780386567115784,
    "affinity_probability_binary2": 0.7832598686218262
}