{
    "confidence_score": 0.9537773132324219,
    "ptm": 0.966405987739563,
    "iptm": 0.9321682453155518,
    "ligand_iptm": 0.9321682453155518,
    "protein_iptm": 0.0,
    "complex_plddt": 0.9591796398162842,
    "complex_iplddt": 0.9175359010696411,
    "complex_pde": 0.39413052797317505,
    "complex_ipde": 0.7223791480064392,
    "chains_ptm": {
        "0": 0.9724125862121582,
        "1": 0.9054424166679382
    },
    "pair_chains_iptm": {
        "0": {
            "0": 0.9724125862121582,
            "1": 0.6945126056671143
        },
        "1": {
            "0": 0.9321682453155518,
            "1": 0.9054424166679382
        }
    }
}