{
  "leg": "complex",
  "dG": 111.57440236616931,
  "dG_err": 0.3481597767630625,
  "ns_prod": 8.0
}