{
  "leg": "solvent",
  "dG": 66.09732142805306,
  "dG_err": 0.6152201015607356,
  "ns_prod": 5.0
}