{
  "leg": "complex",
  "dG": 111.25601444508905,
  "dG_err": 0.4684592160917425,
  "ns_prod": 8.0
}