{
  "leg": "solvent",
  "dG": -41.680082053699586,
  "dG_err": 0.23234603782459393,
  "ns_prod": 3.0
}