{
  "leg": "complex",
  "dG": 59.596852374932865,
  "dG_err": 0.4356848267762527,
  "ns_prod": 8.0
}