{
    "affinity_pred_value": -0.16632747650146484,
    "affinity_probability_binary": 0.9429546594619751,
    "affinity_pred_value1": 0.9104305505752563,
    "affinity_probability_binary1": 0.9210590720176697,
    "affinity_pred_value2": -0.0779510885477066,
    "affinity_probability_binary2": 0.9648501873016357
}