{
    "confidence_score": 0.9700565338134766,
    "ptm": 0.9769282341003418,
    "iptm": 0.9748731255531311,
    "ligand_iptm": 0.9748731255531311,
    "protein_iptm": 0.0,
    "complex_plddt": 0.9688524007797241,
    "complex_iplddt": 0.9447203874588013,
    "complex_pde": 0.3199484646320343,
    "complex_ipde": 0.38261932134628296,
    "chains_ptm": {
        "0": 0.9774865508079529,
        "1": 0.9662663340568542
    },
    "pair_chains_iptm": {
        "0": {
            "0": 0.9774865508079529,
            "1": 0.8402042388916016
        },
        "1": {
            "0": 0.9748731255531311,
            "1": 0.9662663340568542
        }
    }
}