{
  "leg": "solvent",
  "dG": 118.29598321259617,
  "dG_err": 0.3007611522704452,
  "ns_prod": 5.0
}