{
    "affinity_pred_value": -0.6945123672485352,
    "affinity_probability_binary": 0.9344775676727295,
    "affinity_pred_value1": 0.7873867750167847,
    "affinity_probability_binary1": 0.9668669104576111,
    "affinity_pred_value2": -0.5497589707374573,
    "affinity_probability_binary2": 0.9020881652832031
}