{
    "confidence_score": 0.9564801454544067,
    "ptm": 0.9715877175331116,
    "iptm": 0.9628638625144958,
    "ligand_iptm": 0.9628638625144958,
    "protein_iptm": 0.0,
    "complex_plddt": 0.9548842310905457,
    "complex_iplddt": 0.9280939102172852,
    "complex_pde": 0.36809706687927246,
    "complex_ipde": 0.5529727339744568,
    "chains_ptm": {
        "0": 0.9733179211616516,
        "1": 0.9362040758132935
    },
    "pair_chains_iptm": {
        "0": {
            "0": 0.9733179211616516,
            "1": 0.8153090476989746
        },
        "1": {
            "0": 0.9628638625144958,
            "1": 0.9362040758132935
        }
    }
}