{
  "leg": "complex",
  "dG": 109.31302484789599,
  "dG_err": 0.38676229432418513,
  "ns_prod": 8.0
}