{
  "leg": "complex",
  "dG": 112.96559944749404,
  "dG_err": 0.5235947727943532,
  "ns_prod": 8.0
}