{
  "leg": "complex",
  "dG": -41.902148298816726,
  "dG_err": 0.1788905689594484,
  "ns_prod": 5.0
}