{
    "affinity_pred_value": -0.27137088775634766,
    "affinity_probability_binary": 0.8969008922576904,
    "affinity_pred_value1": 0.4072699248790741,
    "affinity_probability_binary1": 0.9191890954971313,
    "affinity_pred_value2": -0.013414420187473297,
    "affinity_probability_binary2": 0.8746126294136047
}