{
    "confidence_score": 0.9669156074523926,
    "ptm": 0.9754372239112854,
    "iptm": 0.9808359742164612,
    "ligand_iptm": 0.9808359742164612,
    "protein_iptm": 0.0,
    "complex_plddt": 0.9634354710578918,
    "complex_iplddt": 0.9361851811408997,
    "complex_pde": 0.31974706053733826,
    "complex_ipde": 0.40114089846611023,
    "chains_ptm": {
        "0": 0.974969208240509,
        "1": 0.9482591152191162
    },
    "pair_chains_iptm": {
        "0": {
            "0": 0.974969208240509,
            "1": 0.7853819727897644
        },
        "1": {
            "0": 0.9808359742164612,
            "1": 0.9482591152191162
        }
    }
}