{
  "leg": "complex",
  "dG": 43.10872251249031,
  "dG_err": 0.38726525868587536,
  "ns_prod": 8.0
}