compound,CTGF,FGF2,JUN,LOX,MMP1,PDGFRB,SMAD3,TGFB1,VEGFA
egcg,0.5390706062316895,0.5692554116249084,0.5045234560966492,0.6388046741485596,0.5603733062744141,0.6657207608222961,0.6277704238891602,0.6966400146484375,0.5131458640098572
emb3,0.6780590415000916,0.4838319420814514,0.4969003200531006,0.579493522644043,0.6740884184837341,0.6397379636764526,0.649067759513855,0.7494738101959229,0.5634094476699829
embelin,0.7158240079879761,0.4703289866447449,0.6407414674758911,0.657146155834198,0.8510469198226929,0.6379210948944092,0.7328474521636963,0.6745246648788452,0.6563585996627808
