{
    "affinity_pred_value": -2.49141788482666,
    "affinity_probability_binary": 0.9911524057388306,
    "affinity_pred_value1": -1.1636238098144531,
    "affinity_probability_binary1": 0.9944603443145752,
    "affinity_pred_value2": -2.044313430786133,
    "affinity_probability_binary2": 0.9878444075584412
}