{
    "confidence_score": 0.9690273404121399,
    "ptm": 0.9744668006896973,
    "iptm": 0.9747804999351501,
    "ligand_iptm": 0.9747804999351501,
    "protein_iptm": 0.0,
    "complex_plddt": 0.9675890803337097,
    "complex_iplddt": 0.9520931243896484,
    "complex_pde": 0.32968461513519287,
    "complex_ipde": 0.41610464453697205,
    "chains_ptm": {
        "0": 0.9744070768356323,
        "1": 0.9580291509628296
    },
    "pair_chains_iptm": {
        "0": {
            "0": 0.9744070768356323,
            "1": 0.8165647387504578
        },
        "1": {
            "0": 0.9747804999351501,
            "1": 0.9580291509628296
        }
    }
}