{
  "leg": "complex",
  "dG": 63.08965959896075,
  "dG_err": 0.4396823965671785,
  "ns_prod": 8.0
}