{
  "leg": "solvent",
  "dG": 101.61798707529324,
  "dG_err": 0.21500151207721094,
  "ns_prod": 5.0
}