{
    "affinity_pred_value": -0.18648242950439453,
    "affinity_probability_binary": 0.20604190230369568,
    "affinity_pred_value1": 0.09481143951416016,
    "affinity_probability_binary1": 0.17647315561771393,
    "affinity_pred_value2": 1.0037592649459839,
    "affinity_probability_binary2": 0.23561064898967743
}