{
    "confidence_score": 0.9306557774543762,
    "ptm": 0.9604672789573669,
    "iptm": 0.898017168045044,
    "ligand_iptm": 0.898017168045044,
    "protein_iptm": 0.0,
    "complex_plddt": 0.9388154149055481,
    "complex_iplddt": 0.8585349917411804,
    "complex_pde": 0.40526479482650757,
    "complex_ipde": 0.858734130859375,
    "chains_ptm": {
        "0": 0.9721292853355408,
        "1": 0.8321530222892761
    },
    "pair_chains_iptm": {
        "0": {
            "0": 0.9721292853355408,
            "1": 0.5665794610977173
        },
        "1": {
            "0": 0.898017168045044,
            "1": 0.8321530222892761
        }
    }
}