{
  "leg": "solvent",
  "dG": 38.419916027868894,
  "dG_err": 0.41857133510267847,
  "ns_prod": 5.0
}