{
  "leg": "solvent",
  "dG": 47.875961054071105,
  "dG_err": 0.6012819486517872,
  "ns_prod": 5.0
}