{
  "leg": "solvent",
  "dG": 113.1604820733865,
  "dG_err": 0.614412424334987,
  "ns_prod": 5.0
}