{
  "leg": "solvent",
  "dG": 14.44641524461989,
  "dG_err": 0.4320422411234111,
  "ns_prod": 5.0
}