variant_smiles,max_sim_to_known,mean_sim_to_known,parent,mw,logp,hbd,hba,tpsa,qed,topical_score,combined
COc1cc(OC2COc3cc(O)ccc3C2)ccc1O,0.3666666666666666,0.1351714388697527,EMB-3,288.29900000000004,2.488900000000001,2,5,68.15,0.9078777774164212,0.9004777774164219,0.5338111107497552
Oc1ccc2c(c1)OCC(OC1COc3cc(O)ccc3C1)C2,0.3103448275862069,0.1254113089314951,Glabridin,314.3370000000001,2.4216000000000006,2,5,68.15,0.8908480723411548,0.8385814056744886,0.5282365780882816
