{
  "leg": "complex",
  "dG": 46.183629109163654,
  "dG_err": 0.41151877810654586,
  "ns_prod": 8.0
}