{
  "leg": "complex",
  "dG": 26.09143397855286,
  "dG_err": 0.595803085190547,
  "ns_prod": 8.0
}