{
    "affinity_pred_value": -1.1428337097167969,
    "affinity_probability_binary": 0.9749274253845215,
    "affinity_pred_value1": 0.098004549741745,
    "affinity_probability_binary1": 0.9734724760055542,
    "affinity_pred_value2": -1.4400172233581543,
    "affinity_probability_binary2": 0.9763824343681335
}