{
    "confidence_score": 0.9784964919090271,
    "ptm": 0.9776580333709717,
    "iptm": 0.9787225127220154,
    "ligand_iptm": 0.9787225127220154,
    "protein_iptm": 0.0,
    "complex_plddt": 0.9784399271011353,
    "complex_iplddt": 0.9746184945106506,
    "complex_pde": 0.30537402629852295,
    "complex_ipde": 0.3785457909107208,
    "chains_ptm": {
        "0": 0.9775274395942688,
        "1": 0.9719445109367371
    },
    "pair_chains_iptm": {
        "0": {
            "0": 0.9775274395942688,
            "1": 0.8113033771514893
        },
        "1": {
            "0": 0.9787225127220154,
            "1": 0.9719445109367371
        }
    }
}