{
    "affinity_pred_value": -0.316756010055542,
    "affinity_probability_binary": 0.9441125392913818,
    "affinity_pred_value1": 0.6886205673217773,
    "affinity_probability_binary1": 0.9779104590415955,
    "affinity_pred_value2": -0.08804698288440704,
    "affinity_probability_binary2": 0.910314679145813
}