{
    "confidence_score": 0.9341333508491516,
    "ptm": 0.9761263132095337,
    "iptm": 0.9574007987976074,
    "ligand_iptm": 0.9574007987976074,
    "protein_iptm": 0.0,
    "complex_plddt": 0.9283164739608765,
    "complex_iplddt": 0.8228305578231812,
    "complex_pde": 0.32334330677986145,
    "complex_ipde": 0.4256584346294403,
    "chains_ptm": {
        "0": 0.9792232513427734,
        "1": 0.9548484683036804
    },
    "pair_chains_iptm": {
        "0": {
            "0": 0.9792232513427734,
            "1": 0.8157609701156616
        },
        "1": {
            "0": 0.9574007987976074,
            "1": 0.9548484683036804
        }
    }
}