{
  "leg": "solvent",
  "dG": 116.1514703650858,
  "dG_err": 0.38936611645593977,
  "ns_prod": 5.0
}