{
  "leg": "solvent",
  "dG": 12.213583120571549,
  "dG_err": 0.5423611279251682,
  "ns_prod": 5.0
}