{
    "affinity_pred_value": -1.915626049041748,
    "affinity_probability_binary": 0.9695049524307251,
    "affinity_pred_value1": -1.1439752578735352,
    "affinity_probability_binary1": 0.9676589369773865,
    "affinity_pred_value2": -1.3613173961639404,
    "affinity_probability_binary2": 0.9713510274887085
}