{
    "confidence_score": 0.9731564521789551,
    "ptm": 0.9777292013168335,
    "iptm": 0.9829677939414978,
    "ligand_iptm": 0.9829677939414978,
    "protein_iptm": 0.0,
    "complex_plddt": 0.9707036018371582,
    "complex_iplddt": 0.9663676023483276,
    "complex_pde": 0.30536067485809326,
    "complex_ipde": 0.3554327189922333,
    "chains_ptm": {
        "0": 0.9769256114959717,
        "1": 0.9694103598594666
    },
    "pair_chains_iptm": {
        "0": {
            "0": 0.9769256114959717,
            "1": 0.8173007369041443
        },
        "1": {
            "0": 0.9829677939414978,
            "1": 0.9694103598594666
        }
    }
}