{
  "leg": "solvent",
  "dG": 96.13316442260499,
  "dG_err": 0.615333351287064,
  "ns_prod": 5.0
}