{
  "leg": "solvent",
  "dG": 71.07438296584623,
  "dG_err": 0.41128437582339206,
  "ns_prod": 5.0
}