{
    "affinity_pred_value": -1.4640350341796875,
    "affinity_probability_binary": 0.8961541652679443,
    "affinity_pred_value1": -0.6203974485397339,
    "affinity_probability_binary1": 0.8758350610733032,
    "affinity_pred_value2": -0.8254472613334656,
    "affinity_probability_binary2": 0.9164732694625854
}