{
    "confidence_score": 0.9508752226829529,
    "ptm": 0.9693290591239929,
    "iptm": 0.9316484928131104,
    "ligand_iptm": 0.9316484928131104,
    "protein_iptm": 0.0,
    "complex_plddt": 0.9556818604469299,
    "complex_iplddt": 0.9063789248466492,
    "complex_pde": 0.37298792600631714,
    "complex_ipde": 0.6038810014724731,
    "chains_ptm": {
        "0": 0.9762825965881348,
        "1": 0.9231525659561157
    },
    "pair_chains_iptm": {
        "0": {
            "0": 0.9762825965881348,
            "1": 0.6962072253227234
        },
        "1": {
            "0": 0.9316484928131104,
            "1": 0.9231525659561157
        }
    }
}