{
  "leg": "solvent",
  "dG": 50.65813341764434,
  "dG_err": 0.2931342984053129,
  "ns_prod": 5.0
}