{
    "affinity_pred_value": -1.3859424591064453,
    "affinity_probability_binary": 0.9161624312400818,
    "affinity_pred_value1": -0.2549815773963928,
    "affinity_probability_binary1": 0.8781314492225647,
    "affinity_pred_value2": -1.0125386714935303,
    "affinity_probability_binary2": 0.9541934132575989
}