{
    "confidence_score": 0.9585890173912048,
    "ptm": 0.9777181148529053,
    "iptm": 0.964657723903656,
    "ligand_iptm": 0.964657723903656,
    "protein_iptm": 0.0,
    "complex_plddt": 0.957071840763092,
    "complex_iplddt": 0.9126685857772827,
    "complex_pde": 0.31985238194465637,
    "complex_ipde": 0.41151949763298035,
    "chains_ptm": {
        "0": 0.980048418045044,
        "1": 0.9588257670402527
    },
    "pair_chains_iptm": {
        "0": {
            "0": 0.980048418045044,
            "1": 0.8342029452323914
        },
        "1": {
            "0": 0.964657723903656,
            "1": 0.9588257670402527
        }
    }
}