{
    "affinity_pred_value": 0.22162747383117676,
    "affinity_probability_binary": 0.7831386923789978,
    "affinity_pred_value1": 0.03659310191869736,
    "affinity_probability_binary1": 0.822868287563324,
    "affinity_pred_value2": 1.5576021671295166,
    "affinity_probability_binary2": 0.7434090971946716
}