{
    "confidence_score": 0.9428009986877441,
    "ptm": 0.9714270234107971,
    "iptm": 0.9656744599342346,
    "ligand_iptm": 0.9656744599342346,
    "protein_iptm": 0.0,
    "complex_plddt": 0.9370826482772827,
    "complex_iplddt": 0.875149667263031,
    "complex_pde": 0.35122954845428467,
    "complex_ipde": 0.5208470225334167,
    "chains_ptm": {
        "0": 0.9725703001022339,
        "1": 0.9493647217750549
    },
    "pair_chains_iptm": {
        "0": {
            "0": 0.9725703001022339,
            "1": 0.7682470083236694
        },
        "1": {
            "0": 0.9656744599342346,
            "1": 0.9493647217750549
        }
    }
}