{
    "affinity_pred_value": 0.792823314666748,
    "affinity_probability_binary": 0.886005163192749,
    "affinity_pred_value1": 0.9651773571968079,
    "affinity_probability_binary1": 0.9956158399581909,
    "affinity_pred_value2": 1.034011960029602,
    "affinity_probability_binary2": 0.7763944268226624
}