{
    "confidence_score": 0.9719149470329285,
    "ptm": 0.9767380952835083,
    "iptm": 0.9743425846099854,
    "ligand_iptm": 0.9743425846099854,
    "protein_iptm": 0.0,
    "complex_plddt": 0.9713080525398254,
    "complex_iplddt": 0.957478404045105,
    "complex_pde": 0.31077292561531067,
    "complex_ipde": 0.4134758412837982,
    "chains_ptm": {
        "0": 0.9770192503929138,
        "1": 0.972255527973175
    },
    "pair_chains_iptm": {
        "0": {
            "0": 0.9770192503929138,
            "1": 0.7874995470046997
        },
        "1": {
            "0": 0.9743425846099854,
            "1": 0.972255527973175
        }
    }
}