{
  "leg": "complex",
  "dG": 62.58940020473259,
  "dG_err": 0.4369160147779808,
  "ns_prod": 8.0
}