{
  "leg": "complex",
  "dG": 36.8331629703492,
  "dG_err": 0.48569486795349553,
  "ns_prod": 8.0
}