{
  "leg": "complex",
  "dG": 13.240312159766049,
  "dG_err": 0.5852711762201561,
  "ns_prod": 8.0
}