{
  "leg": "solvent",
  "dG": 38.38479998461216,
  "dG_err": 0.296363570004759,
  "ns_prod": 5.0
}