{
    "affinity_pred_value": 1.0790929794311523,
    "affinity_probability_binary": 0.789330244064331,
    "affinity_pred_value1": 1.3716888427734375,
    "affinity_probability_binary1": 0.9916524291038513,
    "affinity_pred_value2": 1.2260664701461792,
    "affinity_probability_binary2": 0.587007999420166
}