{
    "confidence_score": 0.9601064920425415,
    "ptm": 0.974494993686676,
    "iptm": 0.954066276550293,
    "ligand_iptm": 0.954066276550293,
    "protein_iptm": 0.0,
    "complex_plddt": 0.9616164565086365,
    "complex_iplddt": 0.9081905484199524,
    "complex_pde": 0.32715070247650146,
    "complex_ipde": 0.49410563707351685,
    "chains_ptm": {
        "0": 0.9768451452255249,
        "1": 0.9465901255607605
    },
    "pair_chains_iptm": {
        "0": {
            "0": 0.9768451452255249,
            "1": 0.7663828134536743
        },
        "1": {
            "0": 0.954066276550293,
            "1": 0.9465901255607605
        }
    }
}