{
    "affinity_pred_value": 1.939544677734375,
    "affinity_probability_binary": 0.7076766490936279,
    "affinity_pred_value1": 2.151123046875,
    "affinity_probability_binary1": 0.9683700203895569,
    "affinity_pred_value2": 2.0167365074157715,
    "affinity_probability_binary2": 0.4469832479953766
}