{
    "confidence_score": 0.9512438178062439,
    "ptm": 0.9738094210624695,
    "iptm": 0.9306811690330505,
    "ligand_iptm": 0.9306811690330505,
    "protein_iptm": 0.0,
    "complex_plddt": 0.9563844203948975,
    "complex_iplddt": 0.8685147762298584,
    "complex_pde": 0.33192095160484314,
    "complex_ipde": 0.5506569147109985,
    "chains_ptm": {
        "0": 0.978571891784668,
        "1": 0.9200189113616943
    },
    "pair_chains_iptm": {
        "0": {
            "0": 0.978571891784668,
            "1": 0.7544925212860107
        },
        "1": {
            "0": 0.9306811690330505,
            "1": 0.9200189113616943
        }
    }
}