{
  "leg": "complex",
  "dG": 107.50551398965843,
  "dG_err": 0.3773184909899794,
  "ns_prod": 8.0
}