{
  "leg": "complex",
  "dG": 59.44828629646478,
  "dG_err": 0.47270484077446334,
  "ns_prod": 8.0
}