{
  "leg": "solvent",
  "dG": 16.941134569773574,
  "dG_err": 0.5533453685467891,
  "ns_prod": 5.0
}